Tau,Beta
0.01,0.0217626854340458
0.1,0.0544133176934639
1,0.10040075459848
5,0.119551165271143
10,0.120315179078736
15,0.118320550268242
20,0.115794914436485
25,0.114404644686065
50,0.10371062909379
100,0.0902026634064403
200,0.0750690082554142
